user_id,clinic_id,service_id,appointment_date,time_slot,status,notes
6,4,1,2026-03-01,08:00-08:20,COMPLETED,Utilisation sample row 1
7,4,4,2026-03-02,09:00-09:30,COMPLETED,Utilisation sample row 2
8,4,5,2026-03-03,10:00-10:45,COMPLETED,Utilisation sample row 3
9,4,6,2026-03-04,11:00-11:15,COMPLETED,Utilisation sample row 4
10,4,10,2026-03-05,12:00-12:30,COMPLETED,Utilisation sample row 5
6,4,1,2026-03-06,13:00-13:20,COMPLETED,Utilisation sample row 6
7,4,4,2026-03-07,14:00-14:30,BOOKED,Utilisation sample row 7
8,4,5,2026-03-08,15:00-15:45,COMPLETED,Utilisation sample row 8
9,4,6,2026-03-09,16:00-16:15,CONFIRMED,Utilisation sample row 9
10,4,10,2026-03-10,17:00-17:30,COMPLETED,Utilisation sample row 10
6,4,1,2026-03-11,08:15-08:35,COMPLETED,Utilisation sample row 11
7,4,4,2026-03-12,09:15-09:45,COMPLETED,Utilisation sample row 12
8,4,5,2026-03-13,10:15-11:00,COMPLETED,Utilisation sample row 13
9,4,6,2026-03-14,11:15-11:30,BOOKED,Utilisation sample row 14
10,4,10,2026-03-15,12:15-12:45,COMPLETED,Utilisation sample row 15
6,4,1,2026-03-16,13:15-13:35,COMPLETED,Utilisation sample row 16
7,4,4,2026-03-17,14:15-14:45,COMPLETED,Utilisation sample row 17
8,4,5,2026-03-18,15:15-16:00,CONFIRMED,Utilisation sample row 18
9,4,6,2026-03-19,16:15-16:30,COMPLETED,Utilisation sample row 19
10,4,10,2026-03-20,17:15-17:45,COMPLETED,Utilisation sample row 20
6,4,1,2026-03-21,08:30-08:50,BOOKED,Utilisation sample row 21
7,4,4,2026-03-22,09:30-10:00,COMPLETED,Utilisation sample row 22
8,4,5,2026-03-23,10:30-11:15,COMPLETED,Utilisation sample row 23
9,4,6,2026-03-24,11:30-11:45,COMPLETED,Utilisation sample row 24
10,4,10,2026-03-25,12:30-13:00,COMPLETED,Utilisation sample row 25
6,4,1,2026-03-26,13:30-13:50,COMPLETED,Utilisation sample row 26
7,4,4,2026-03-27,14:30-15:00,CONFIRMED,Utilisation sample row 27
8,4,5,2026-03-28,15:30-16:15,BOOKED,Utilisation sample row 28
9,4,6,2026-03-01,16:30-16:45,COMPLETED,Utilisation sample row 29
10,4,10,2026-03-02,17:30-18:00,COMPLETED,Utilisation sample row 30
6,4,1,2026-03-03,08:45-09:05,COMPLETED,Utilisation sample row 31
7,4,4,2026-03-04,09:45-10:15,COMPLETED,Utilisation sample row 32
8,4,5,2026-03-05,10:45-11:30,COMPLETED,Utilisation sample row 33
9,4,6,2026-03-06,11:45-12:00,COMPLETED,Utilisation sample row 34
10,4,10,2026-03-07,12:45-13:15,BOOKED,Utilisation sample row 35
6,4,1,2026-03-08,13:45-14:05,CONFIRMED,Utilisation sample row 36
7,4,4,2026-03-09,14:45-15:15,COMPLETED,Utilisation sample row 37
8,4,5,2026-03-10,15:45-16:30,COMPLETED,Utilisation sample row 38
9,4,6,2026-03-11,16:45-17:00,COMPLETED,Utilisation sample row 39
10,4,10,2026-03-12,17:45-18:15,COMPLETED,Utilisation sample row 40
6,4,1,2026-03-13,08:00-08:20,COMPLETED,Utilisation sample row 41
7,4,4,2026-03-14,09:00-09:30,BOOKED,Utilisation sample row 42
8,4,5,2026-03-15,10:00-10:45,COMPLETED,Utilisation sample row 43
9,4,6,2026-03-16,11:00-11:15,COMPLETED,Utilisation sample row 44
10,4,10,2026-03-17,12:00-12:30,CONFIRMED,Utilisation sample row 45
6,4,1,2026-03-18,13:00-13:20,COMPLETED,Utilisation sample row 46
7,4,4,2026-03-19,14:00-14:30,COMPLETED,Utilisation sample row 47
8,4,5,2026-03-20,15:00-15:45,COMPLETED,Utilisation sample row 48
9,4,6,2026-03-21,16:00-16:15,BOOKED,Utilisation sample row 49
10,4,10,2026-03-22,17:00-17:30,COMPLETED,Utilisation sample row 50
6,4,1,2026-03-23,08:15-08:35,COMPLETED,Utilisation sample row 51
7,4,4,2026-03-24,09:15-09:45,COMPLETED,Utilisation sample row 52
8,4,5,2026-03-25,10:15-11:00,COMPLETED,Utilisation sample row 53
9,4,6,2026-03-26,11:15-11:30,CONFIRMED,Utilisation sample row 54
10,4,10,2026-03-27,12:15-12:45,COMPLETED,Utilisation sample row 55
6,4,1,2026-03-28,13:15-13:35,BOOKED,Utilisation sample row 56
7,4,4,2026-03-01,14:15-14:45,COMPLETED,Utilisation sample row 57
8,4,5,2026-03-02,15:15-16:00,COMPLETED,Utilisation sample row 58
9,4,6,2026-03-03,16:15-16:30,COMPLETED,Utilisation sample row 59
10,4,10,2026-03-04,17:15-17:45,COMPLETED,Utilisation sample row 60
6,4,1,2026-03-05,08:30-08:50,COMPLETED,Utilisation sample row 61
7,4,4,2026-03-06,09:30-10:00,COMPLETED,Utilisation sample row 62
8,4,5,2026-03-07,10:30-11:15,CONFIRMED,Utilisation sample row 63
9,4,6,2026-03-08,11:30-11:45,COMPLETED,Utilisation sample row 64
10,4,10,2026-03-09,12:30-13:00,COMPLETED,Utilisation sample row 65
6,4,1,2026-03-10,13:30-13:50,COMPLETED,Utilisation sample row 66
7,4,4,2026-03-11,14:30-15:00,COMPLETED,Utilisation sample row 67
8,4,5,2026-03-12,15:30-16:15,COMPLETED,Utilisation sample row 68
9,4,6,2026-03-13,16:30-16:45,COMPLETED,Utilisation sample row 69
10,4,10,2026-03-14,17:30-18:00,BOOKED,Utilisation sample row 70
6,4,1,2026-03-15,08:45-09:05,COMPLETED,Utilisation sample row 71
7,4,4,2026-03-16,09:45-10:15,CONFIRMED,Utilisation sample row 72
8,4,5,2026-03-17,10:45-11:30,COMPLETED,Utilisation sample row 73
9,4,6,2026-03-18,11:45-12:00,COMPLETED,Utilisation sample row 74
10,4,10,2026-03-19,12:45-13:15,COMPLETED,Utilisation sample row 75
6,4,1,2026-03-20,13:45-14:05,COMPLETED,Utilisation sample row 76
7,4,4,2026-03-21,14:45-15:15,BOOKED,Utilisation sample row 77
8,4,5,2026-03-22,15:45-16:30,COMPLETED,Utilisation sample row 78
9,4,6,2026-03-23,16:45-17:00,COMPLETED,Utilisation sample row 79
10,4,10,2026-03-24,17:45-18:15,COMPLETED,Utilisation sample row 80
6,4,1,2026-03-25,08:00-08:20,CONFIRMED,Utilisation sample row 81
7,4,4,2026-03-26,09:00-09:30,COMPLETED,Utilisation sample row 82
8,4,5,2026-03-27,10:00-10:45,COMPLETED,Utilisation sample row 83
9,4,6,2026-03-28,11:00-11:15,BOOKED,Utilisation sample row 84
10,4,10,2026-03-01,12:00-12:30,COMPLETED,Utilisation sample row 85
6,4,1,2026-03-02,13:00-13:20,COMPLETED,Utilisation sample row 86
7,4,4,2026-03-03,14:00-14:30,COMPLETED,Utilisation sample row 87
8,4,5,2026-03-04,15:00-15:45,COMPLETED,Utilisation sample row 88
9,4,6,2026-03-05,16:00-16:15,COMPLETED,Utilisation sample row 89
10,4,10,2026-03-06,17:00-17:30,CONFIRMED,Utilisation sample row 90
6,4,1,2026-03-07,08:15-08:35,BOOKED,Utilisation sample row 91
7,4,4,2026-03-08,09:15-09:45,COMPLETED,Utilisation sample row 92
8,4,5,2026-03-09,10:15-11:00,COMPLETED,Utilisation sample row 93
9,4,6,2026-03-10,11:15-11:30,COMPLETED,Utilisation sample row 94
10,4,10,2026-03-11,12:15-12:45,COMPLETED,Utilisation sample row 95
6,4,1,2026-03-12,13:15-13:35,COMPLETED,Utilisation sample row 96
7,4,4,2026-03-13,14:15-14:45,COMPLETED,Utilisation sample row 97
8,4,5,2026-03-14,15:15-16:00,BOOKED,Utilisation sample row 98
9,4,6,2026-03-15,16:15-16:30,CONFIRMED,Utilisation sample row 99
10,4,10,2026-03-16,17:15-17:45,COMPLETED,Utilisation sample row 100
6,4,1,2026-03-17,08:30-08:50,COMPLETED,Utilisation sample row 101
7,4,4,2026-03-18,09:30-10:00,COMPLETED,Utilisation sample row 102
8,4,5,2026-03-19,10:30-11:15,COMPLETED,Utilisation sample row 103
9,4,6,2026-03-20,11:30-11:45,COMPLETED,Utilisation sample row 104
10,4,10,2026-03-21,12:30-13:00,BOOKED,Utilisation sample row 105
6,4,1,2026-03-22,13:30-13:50,COMPLETED,Utilisation sample row 106
7,4,4,2026-03-23,14:30-15:00,COMPLETED,Utilisation sample row 107
8,4,5,2026-03-24,15:30-16:15,CONFIRMED,Utilisation sample row 108
9,4,6,2026-03-25,16:30-16:45,COMPLETED,Utilisation sample row 109
10,4,10,2026-03-26,17:30-18:00,COMPLETED,Utilisation sample row 110
6,4,1,2026-03-27,08:45-09:05,COMPLETED,Utilisation sample row 111
7,4,4,2026-03-28,09:45-10:15,BOOKED,Utilisation sample row 112
8,4,5,2026-03-01,10:45-11:30,COMPLETED,Utilisation sample row 113
9,4,6,2026-03-02,11:45-12:00,COMPLETED,Utilisation sample row 114
10,4,10,2026-03-03,12:45-13:15,COMPLETED,Utilisation sample row 115
6,4,1,2026-03-04,13:45-14:05,COMPLETED,Utilisation sample row 116
7,4,4,2026-03-05,14:45-15:15,CONFIRMED,Utilisation sample row 117
8,4,5,2026-03-06,15:45-16:30,COMPLETED,Utilisation sample row 118
9,4,6,2026-03-07,16:45-17:00,BOOKED,Utilisation sample row 119
10,4,10,2026-03-08,17:45-18:15,COMPLETED,Utilisation sample row 120
6,4,1,2026-03-09,08:00-08:20,COMPLETED,Utilisation sample row 121
7,4,4,2026-03-10,09:00-09:30,COMPLETED,Utilisation sample row 122
8,4,5,2026-03-11,10:00-10:45,COMPLETED,Utilisation sample row 123
9,4,6,2026-03-12,11:00-11:15,COMPLETED,Utilisation sample row 124
10,4,10,2026-03-13,12:00-12:30,COMPLETED,Utilisation sample row 125
6,4,1,2026-03-14,13:00-13:20,CONFIRMED,Utilisation sample row 126
7,4,4,2026-03-15,14:00-14:30,COMPLETED,Utilisation sample row 127
8,4,5,2026-03-16,15:00-15:45,COMPLETED,Utilisation sample row 128
9,4,6,2026-03-17,16:00-16:15,COMPLETED,Utilisation sample row 129
10,4,10,2026-03-18,17:00-17:30,COMPLETED,Utilisation sample row 130
6,4,1,2026-03-19,08:15-08:35,COMPLETED,Utilisation sample row 131
7,4,4,2026-03-20,09:15-09:45,COMPLETED,Utilisation sample row 132
8,4,5,2026-03-21,10:15-11:00,BOOKED,Utilisation sample row 133
9,4,6,2026-03-22,11:15-11:30,COMPLETED,Utilisation sample row 134
10,4,10,2026-03-23,12:15-12:45,CONFIRMED,Utilisation sample row 135
6,4,1,2026-03-24,13:15-13:35,COMPLETED,Utilisation sample row 136
7,4,4,2026-03-25,14:15-14:45,COMPLETED,Utilisation sample row 137
8,4,5,2026-03-26,15:15-16:00,COMPLETED,Utilisation sample row 138
9,4,6,2026-03-27,16:15-16:30,COMPLETED,Utilisation sample row 139
10,4,10,2026-03-28,17:15-17:45,BOOKED,Utilisation sample row 140
6,4,1,2026-03-01,08:30-08:50,COMPLETED,Utilisation sample row 141
7,4,4,2026-03-02,09:30-10:00,COMPLETED,Utilisation sample row 142
8,4,5,2026-03-03,10:30-11:15,COMPLETED,Utilisation sample row 143
9,4,6,2026-03-04,11:30-11:45,CONFIRMED,Utilisation sample row 144
10,4,10,2026-03-05,12:30-13:00,COMPLETED,Utilisation sample row 145
6,4,1,2026-03-06,13:30-13:50,COMPLETED,Utilisation sample row 146
7,4,4,2026-03-07,14:30-15:00,BOOKED,Utilisation sample row 147
8,4,5,2026-03-08,15:30-16:15,COMPLETED,Utilisation sample row 148
9,4,6,2026-03-09,16:30-16:45,COMPLETED,Utilisation sample row 149
10,4,10,2026-03-10,17:30-18:00,COMPLETED,Utilisation sample row 150
6,4,1,2026-03-11,08:45-09:05,COMPLETED,Utilisation sample row 151
7,4,4,2026-03-12,09:45-10:15,COMPLETED,Utilisation sample row 152
8,4,5,2026-03-13,10:45-11:30,CONFIRMED,Utilisation sample row 153
9,4,6,2026-03-14,11:45-12:00,BOOKED,Utilisation sample row 154
10,4,10,2026-03-15,12:45-13:15,COMPLETED,Utilisation sample row 155
6,4,1,2026-03-16,13:45-14:05,COMPLETED,Utilisation sample row 156
7,4,4,2026-03-17,14:45-15:15,COMPLETED,Utilisation sample row 157
8,4,5,2026-03-18,15:45-16:30,COMPLETED,Utilisation sample row 158
9,4,6,2026-03-19,16:45-17:00,COMPLETED,Utilisation sample row 159
10,4,10,2026-03-20,17:45-18:15,COMPLETED,Utilisation sample row 160
6,4,1,2026-03-21,08:00-08:20,BOOKED,Utilisation sample row 161
7,4,4,2026-03-22,09:00-09:30,CONFIRMED,Utilisation sample row 162
8,4,5,2026-03-23,10:00-10:45,COMPLETED,Utilisation sample row 163
9,4,6,2026-03-24,11:00-11:15,COMPLETED,Utilisation sample row 164
10,4,10,2026-03-25,12:00-12:30,COMPLETED,Utilisation sample row 165
6,4,1,2026-03-26,13:00-13:20,COMPLETED,Utilisation sample row 166
7,4,4,2026-03-27,14:00-14:30,COMPLETED,Utilisation sample row 167
8,4,5,2026-03-28,15:00-15:45,BOOKED,Utilisation sample row 168
9,4,6,2026-03-01,16:00-16:15,COMPLETED,Utilisation sample row 169
10,4,10,2026-03-02,17:00-17:30,COMPLETED,Utilisation sample row 170
6,4,1,2026-03-03,08:15-08:35,CONFIRMED,Utilisation sample row 171
7,4,4,2026-03-04,09:15-09:45,COMPLETED,Utilisation sample row 172
8,4,5,2026-03-05,10:15-11:00,COMPLETED,Utilisation sample row 173
9,4,6,2026-03-06,11:15-11:30,COMPLETED,Utilisation sample row 174
10,4,10,2026-03-07,12:15-12:45,BOOKED,Utilisation sample row 175
6,4,1,2026-03-08,13:15-13:35,COMPLETED,Utilisation sample row 176
7,4,4,2026-03-09,14:15-14:45,COMPLETED,Utilisation sample row 177
8,4,5,2026-03-10,15:15-16:00,COMPLETED,Utilisation sample row 178
9,4,6,2026-03-11,16:15-16:30,COMPLETED,Utilisation sample row 179
10,4,10,2026-03-12,17:15-17:45,CONFIRMED,Utilisation sample row 180
6,4,1,2026-03-13,08:30-08:50,COMPLETED,Utilisation sample row 181
7,4,4,2026-03-14,09:30-10:00,BOOKED,Utilisation sample row 182
8,4,5,2026-03-15,10:30-11:15,COMPLETED,Utilisation sample row 183
9,4,6,2026-03-16,11:30-11:45,COMPLETED,Utilisation sample row 184
10,4,10,2026-03-17,12:30-13:00,COMPLETED,Utilisation sample row 185
6,4,1,2026-03-18,13:30-13:50,COMPLETED,Utilisation sample row 186
7,4,4,2026-03-19,14:30-15:00,COMPLETED,Utilisation sample row 187
8,4,5,2026-03-20,15:30-16:15,COMPLETED,Utilisation sample row 188
9,4,6,2026-03-21,16:30-16:45,CONFIRMED,Utilisation sample row 189
10,4,10,2026-03-22,17:30-18:00,COMPLETED,Utilisation sample row 190
6,4,1,2026-03-23,08:45-09:05,COMPLETED,Utilisation sample row 191
7,4,4,2026-03-24,09:45-10:15,COMPLETED,Utilisation sample row 192
8,4,5,2026-03-25,10:45-11:30,COMPLETED,Utilisation sample row 193
9,4,6,2026-03-26,11:45-12:00,COMPLETED,Utilisation sample row 194
10,4,10,2026-03-27,12:45-13:15,COMPLETED,Utilisation sample row 195
6,4,1,2026-03-28,13:45-14:05,BOOKED,Utilisation sample row 196
7,4,4,2026-03-01,14:45-15:15,COMPLETED,Utilisation sample row 197
8,4,5,2026-03-02,15:45-16:30,CONFIRMED,Utilisation sample row 198
9,4,6,2026-03-03,16:45-17:00,COMPLETED,Utilisation sample row 199
10,4,10,2026-03-04,17:45-18:15,COMPLETED,Utilisation sample row 200
6,4,1,2026-03-05,08:00-08:20,COMPLETED,Utilisation sample row 201
7,4,4,2026-03-06,09:00-09:30,COMPLETED,Utilisation sample row 202
8,4,5,2026-03-07,10:00-10:45,BOOKED,Utilisation sample row 203
9,4,6,2026-03-08,11:00-11:15,COMPLETED,Utilisation sample row 204
10,4,10,2026-03-09,12:00-12:30,COMPLETED,Utilisation sample row 205
6,4,1,2026-03-10,13:00-13:20,COMPLETED,Utilisation sample row 206
7,4,4,2026-03-11,14:00-14:30,CONFIRMED,Utilisation sample row 207
8,4,5,2026-03-12,15:00-15:45,COMPLETED,Utilisation sample row 208
9,4,6,2026-03-13,16:00-16:15,COMPLETED,Utilisation sample row 209
10,4,10,2026-03-14,17:00-17:30,BOOKED,Utilisation sample row 210
6,4,1,2026-03-15,08:15-08:35,COMPLETED,Utilisation sample row 211
7,4,4,2026-03-16,09:15-09:45,COMPLETED,Utilisation sample row 212
8,4,5,2026-03-17,10:15-11:00,COMPLETED,Utilisation sample row 213
9,4,6,2026-03-18,11:15-11:30,COMPLETED,Utilisation sample row 214
10,4,10,2026-03-19,12:15-12:45,COMPLETED,Utilisation sample row 215
6,4,1,2026-03-20,13:15-13:35,CONFIRMED,Utilisation sample row 216
7,4,4,2026-03-21,14:15-14:45,BOOKED,Utilisation sample row 217
8,4,5,2026-03-22,15:15-16:00,COMPLETED,Utilisation sample row 218
9,4,6,2026-03-23,16:15-16:30,COMPLETED,Utilisation sample row 219
10,4,10,2026-03-24,17:15-17:45,COMPLETED,Utilisation sample row 220
6,4,1,2026-03-25,08:30-08:50,COMPLETED,Utilisation sample row 221
7,4,4,2026-03-26,09:30-10:00,COMPLETED,Utilisation sample row 222
8,4,5,2026-03-27,10:30-11:15,COMPLETED,Utilisation sample row 223
9,4,6,2026-03-28,11:30-11:45,BOOKED,Utilisation sample row 224
10,4,10,2026-03-01,12:30-13:00,CONFIRMED,Utilisation sample row 225
6,4,1,2026-03-02,13:30-13:50,COMPLETED,Utilisation sample row 226
7,4,4,2026-03-03,14:30-15:00,COMPLETED,Utilisation sample row 227
8,4,5,2026-03-04,15:30-16:15,COMPLETED,Utilisation sample row 228
9,4,6,2026-03-05,16:30-16:45,COMPLETED,Utilisation sample row 229
10,4,10,2026-03-06,17:30-18:00,COMPLETED,Utilisation sample row 230
6,4,1,2026-03-07,08:45-09:05,BOOKED,Utilisation sample row 231
7,4,4,2026-03-08,09:45-10:15,COMPLETED,Utilisation sample row 232
8,4,5,2026-03-09,10:45-11:30,COMPLETED,Utilisation sample row 233
9,4,6,2026-03-10,11:45-12:00,CONFIRMED,Utilisation sample row 234
10,4,10,2026-03-11,12:45-13:15,COMPLETED,Utilisation sample row 235
6,4,1,2026-03-12,13:45-14:05,COMPLETED,Utilisation sample row 236
7,4,4,2026-03-13,14:45-15:15,COMPLETED,Utilisation sample row 237
8,4,5,2026-03-14,15:45-16:30,BOOKED,Utilisation sample row 238
9,4,6,2026-03-15,16:45-17:00,COMPLETED,Utilisation sample row 239
10,4,10,2026-03-16,17:45-18:15,COMPLETED,Utilisation sample row 240
6,4,1,2026-03-17,08:00-08:20,COMPLETED,Utilisation sample row 241
7,4,4,2026-03-18,09:00-09:30,COMPLETED,Utilisation sample row 242
8,4,5,2026-03-19,10:00-10:45,CONFIRMED,Utilisation sample row 243
9,4,6,2026-03-20,11:00-11:15,COMPLETED,Utilisation sample row 244
10,4,10,2026-03-21,12:00-12:30,BOOKED,Utilisation sample row 245
6,4,1,2026-03-22,13:00-13:20,COMPLETED,Utilisation sample row 246
7,4,4,2026-03-23,14:00-14:30,COMPLETED,Utilisation sample row 247
8,4,5,2026-03-24,15:00-15:45,COMPLETED,Utilisation sample row 248
9,4,6,2026-03-25,16:00-16:15,COMPLETED,Utilisation sample row 249
10,4,10,2026-03-26,17:00-17:30,COMPLETED,Utilisation sample row 250
6,4,1,2026-03-27,08:15-08:35,COMPLETED,Utilisation sample row 251
7,4,4,2026-03-28,09:15-09:45,CONFIRMED,Utilisation sample row 252
8,4,5,2026-03-01,10:15-11:00,COMPLETED,Utilisation sample row 253
9,4,6,2026-03-02,11:15-11:30,COMPLETED,Utilisation sample row 254
10,4,10,2026-03-03,12:15-12:45,COMPLETED,Utilisation sample row 255
6,4,1,2026-03-04,13:15-13:35,COMPLETED,Utilisation sample row 256
7,4,4,2026-03-05,14:15-14:45,COMPLETED,Utilisation sample row 257
8,4,5,2026-03-06,15:15-16:00,COMPLETED,Utilisation sample row 258
9,4,6,2026-03-07,16:15-16:30,BOOKED,Utilisation sample row 259
10,4,10,2026-03-08,17:15-17:45,COMPLETED,Utilisation sample row 260
6,4,1,2026-03-09,08:30-08:50,CONFIRMED,Utilisation sample row 261
7,4,4,2026-03-10,09:30-10:00,COMPLETED,Utilisation sample row 262
8,4,5,2026-03-11,10:30-11:15,COMPLETED,Utilisation sample row 263
9,4,6,2026-03-12,11:30-11:45,COMPLETED,Utilisation sample row 264
10,4,10,2026-03-13,12:30-13:00,COMPLETED,Utilisation sample row 265
6,4,1,2026-03-14,13:30-13:50,BOOKED,Utilisation sample row 266
7,4,4,2026-03-15,14:30-15:00,COMPLETED,Utilisation sample row 267
8,4,5,2026-03-16,15:30-16:15,COMPLETED,Utilisation sample row 268
9,4,6,2026-03-17,16:30-16:45,COMPLETED,Utilisation sample row 269
10,4,10,2026-03-18,17:30-18:00,CONFIRMED,Utilisation sample row 270
6,4,1,2026-03-19,08:45-09:05,COMPLETED,Utilisation sample row 271
7,4,4,2026-03-20,09:45-10:15,COMPLETED,Utilisation sample row 272
8,4,5,2026-03-21,10:45-11:30,BOOKED,Utilisation sample row 273
9,4,6,2026-03-22,11:45-12:00,COMPLETED,Utilisation sample row 274
10,4,10,2026-03-23,12:45-13:15,COMPLETED,Utilisation sample row 275
6,4,1,2026-03-24,13:45-14:05,COMPLETED,Utilisation sample row 276
7,4,4,2026-03-25,14:45-15:15,COMPLETED,Utilisation sample row 277
8,4,5,2026-03-26,15:45-16:30,COMPLETED,Utilisation sample row 278
9,4,6,2026-03-27,16:45-17:00,CONFIRMED,Utilisation sample row 279
10,4,10,2026-03-28,17:45-18:15,BOOKED,Utilisation sample row 280
6,4,1,2026-03-01,08:00-08:20,COMPLETED,Utilisation sample row 281
7,4,4,2026-03-02,09:00-09:30,COMPLETED,Utilisation sample row 282
8,4,5,2026-03-03,10:00-10:45,COMPLETED,Utilisation sample row 283
9,4,6,2026-03-04,11:00-11:15,COMPLETED,Utilisation sample row 284
10,4,10,2026-03-05,12:00-12:30,COMPLETED,Utilisation sample row 285
6,4,1,2026-03-06,13:00-13:20,COMPLETED,Utilisation sample row 286
7,4,4,2026-03-07,14:00-14:30,BOOKED,Utilisation sample row 287
8,4,5,2026-03-08,15:00-15:45,CONFIRMED,Utilisation sample row 288
9,4,6,2026-03-09,16:00-16:15,COMPLETED,Utilisation sample row 289
10,4,10,2026-03-10,17:00-17:30,COMPLETED,Utilisation sample row 290
6,4,1,2026-03-11,08:15-08:35,COMPLETED,Utilisation sample row 291
7,4,4,2026-03-12,09:15-09:45,COMPLETED,Utilisation sample row 292
8,4,5,2026-03-13,10:15-11:00,COMPLETED,Utilisation sample row 293
9,4,6,2026-03-14,11:15-11:30,BOOKED,Utilisation sample row 294
10,4,10,2026-03-15,12:15-12:45,COMPLETED,Utilisation sample row 295
6,4,1,2026-03-16,13:15-13:35,COMPLETED,Utilisation sample row 296
7,4,4,2026-03-17,14:15-14:45,CONFIRMED,Utilisation sample row 297
8,4,5,2026-03-18,15:15-16:00,COMPLETED,Utilisation sample row 298
9,4,6,2026-03-19,16:15-16:30,COMPLETED,Utilisation sample row 299
10,4,10,2026-03-20,17:15-17:45,COMPLETED,Utilisation sample row 300
6,4,1,2026-03-21,08:30-08:50,BOOKED,Utilisation sample row 301
7,4,4,2026-03-22,09:30-10:00,COMPLETED,Utilisation sample row 302
8,4,5,2026-03-23,10:30-11:15,COMPLETED,Utilisation sample row 303
9,4,6,2026-03-24,11:30-11:45,COMPLETED,Utilisation sample row 304
10,4,10,2026-03-25,12:30-13:00,COMPLETED,Utilisation sample row 305
6,4,1,2026-03-26,13:30-13:50,CONFIRMED,Utilisation sample row 306
7,4,4,2026-03-27,14:30-15:00,COMPLETED,Utilisation sample row 307
8,4,5,2026-03-28,15:30-16:15,BOOKED,Utilisation sample row 308
9,4,6,2026-03-01,16:30-16:45,COMPLETED,Utilisation sample row 309
10,4,10,2026-03-02,17:30-18:00,COMPLETED,Utilisation sample row 310
6,4,1,2026-03-03,08:45-09:05,COMPLETED,Utilisation sample row 311
7,4,4,2026-03-04,09:45-10:15,COMPLETED,Utilisation sample row 312
8,4,5,2026-03-05,10:45-11:30,COMPLETED,Utilisation sample row 313
9,4,6,2026-03-06,11:45-12:00,COMPLETED,Utilisation sample row 314
10,4,10,2026-03-07,12:45-13:15,CONFIRMED,Utilisation sample row 315
6,4,1,2026-03-08,13:45-14:05,COMPLETED,Utilisation sample row 316
7,4,4,2026-03-09,14:45-15:15,COMPLETED,Utilisation sample row 317
8,4,5,2026-03-10,15:45-16:30,COMPLETED,Utilisation sample row 318
9,4,6,2026-03-11,16:45-17:00,COMPLETED,Utilisation sample row 319
10,4,10,2026-03-12,17:45-18:15,COMPLETED,Utilisation sample row 320
6,4,1,2026-03-13,08:00-08:20,COMPLETED,Utilisation sample row 321
7,4,4,2026-03-14,09:00-09:30,BOOKED,Utilisation sample row 322
8,4,5,2026-03-15,10:00-10:45,COMPLETED,Utilisation sample row 323
9,4,6,2026-03-16,11:00-11:15,CONFIRMED,Utilisation sample row 324
10,4,10,2026-03-17,12:00-12:30,COMPLETED,Utilisation sample row 325
6,4,1,2026-03-18,13:00-13:20,COMPLETED,Utilisation sample row 326
7,4,4,2026-03-19,14:00-14:30,COMPLETED,Utilisation sample row 327
8,4,5,2026-03-20,15:00-15:45,COMPLETED,Utilisation sample row 328
9,4,6,2026-03-21,16:00-16:15,BOOKED,Utilisation sample row 329
10,4,10,2026-03-22,17:00-17:30,COMPLETED,Utilisation sample row 330
6,4,1,2026-03-23,08:15-08:35,COMPLETED,Utilisation sample row 331
7,4,4,2026-03-24,09:15-09:45,COMPLETED,Utilisation sample row 332
8,4,5,2026-03-25,10:15-11:00,CONFIRMED,Utilisation sample row 333
9,4,6,2026-03-26,11:15-11:30,COMPLETED,Utilisation sample row 334
10,4,10,2026-03-27,12:15-12:45,COMPLETED,Utilisation sample row 335
6,4,1,2026-03-28,13:15-13:35,BOOKED,Utilisation sample row 336
7,4,4,2026-03-01,14:15-14:45,COMPLETED,Utilisation sample row 337
8,4,5,2026-03-02,15:15-16:00,COMPLETED,Utilisation sample row 338
9,4,6,2026-03-03,16:15-16:30,COMPLETED,Utilisation sample row 339
10,4,10,2026-03-04,17:15-17:45,COMPLETED,Utilisation sample row 340
6,4,1,2026-03-05,08:30-08:50,COMPLETED,Utilisation sample row 341
7,4,4,2026-03-06,09:30-10:00,CONFIRMED,Utilisation sample row 342
8,4,5,2026-03-07,10:30-11:15,BOOKED,Utilisation sample row 343
9,4,6,2026-03-08,11:30-11:45,COMPLETED,Utilisation sample row 344
10,4,10,2026-03-09,12:30-13:00,COMPLETED,Utilisation sample row 345
6,4,1,2026-03-10,13:30-13:50,COMPLETED,Utilisation sample row 346
7,4,4,2026-03-11,14:30-15:00,COMPLETED,Utilisation sample row 347
8,4,5,2026-03-12,15:30-16:15,COMPLETED,Utilisation sample row 348
9,4,6,2026-03-13,16:30-16:45,COMPLETED,Utilisation sample row 349
10,4,10,2026-03-14,17:30-18:00,BOOKED,Utilisation sample row 350
6,4,1,2026-03-15,08:45-09:05,CONFIRMED,Utilisation sample row 351
7,4,4,2026-03-16,09:45-10:15,COMPLETED,Utilisation sample row 352
8,4,5,2026-03-17,10:45-11:30,COMPLETED,Utilisation sample row 353
9,4,6,2026-03-18,11:45-12:00,COMPLETED,Utilisation sample row 354
10,4,10,2026-03-19,12:45-13:15,COMPLETED,Utilisation sample row 355
6,4,1,2026-03-20,13:45-14:05,COMPLETED,Utilisation sample row 356
7,4,4,2026-03-21,14:45-15:15,BOOKED,Utilisation sample row 357
8,4,5,2026-03-22,15:45-16:30,COMPLETED,Utilisation sample row 358
9,4,6,2026-03-23,16:45-17:00,COMPLETED,Utilisation sample row 359
10,4,10,2026-03-24,17:45-18:15,CONFIRMED,Utilisation sample row 360
6,4,1,2026-03-25,08:00-08:20,COMPLETED,Utilisation sample row 361
7,4,4,2026-03-26,09:00-09:30,COMPLETED,Utilisation sample row 362
8,4,5,2026-03-27,10:00-10:45,COMPLETED,Utilisation sample row 363
9,4,6,2026-03-28,11:00-11:15,BOOKED,Utilisation sample row 364
10,4,10,2026-03-01,12:00-12:30,COMPLETED,Utilisation sample row 365
6,4,1,2026-03-02,13:00-13:20,COMPLETED,Utilisation sample row 366
7,4,4,2026-03-03,14:00-14:30,COMPLETED,Utilisation sample row 367
8,4,5,2026-03-04,15:00-15:45,COMPLETED,Utilisation sample row 368
9,4,6,2026-03-05,16:00-16:15,CONFIRMED,Utilisation sample row 369
10,4,10,2026-03-06,17:00-17:30,COMPLETED,Utilisation sample row 370
6,4,1,2026-03-07,08:15-08:35,BOOKED,Utilisation sample row 371
7,4,4,2026-03-08,09:15-09:45,COMPLETED,Utilisation sample row 372
8,4,5,2026-03-09,10:15-11:00,COMPLETED,Utilisation sample row 373
9,4,6,2026-03-10,11:15-11:30,COMPLETED,Utilisation sample row 374
10,4,10,2026-03-11,12:15-12:45,COMPLETED,Utilisation sample row 375
6,4,1,2026-03-12,13:15-13:35,COMPLETED,Utilisation sample row 376
7,4,4,2026-03-13,14:15-14:45,COMPLETED,Utilisation sample row 377
8,4,5,2026-03-14,15:15-16:00,CONFIRMED,Utilisation sample row 378
9,4,6,2026-03-15,16:15-16:30,COMPLETED,Utilisation sample row 379
10,4,10,2026-03-16,17:15-17:45,COMPLETED,Utilisation sample row 380
6,4,1,2026-03-17,08:30-08:50,COMPLETED,Utilisation sample row 381
7,4,4,2026-03-18,09:30-10:00,COMPLETED,Utilisation sample row 382
8,4,5,2026-03-19,10:30-11:15,COMPLETED,Utilisation sample row 383
9,4,6,2026-03-20,11:30-11:45,COMPLETED,Utilisation sample row 384
10,4,10,2026-03-21,12:30-13:00,BOOKED,Utilisation sample row 385
6,4,1,2026-03-22,13:30-13:50,COMPLETED,Utilisation sample row 386
7,4,4,2026-03-23,14:30-15:00,CONFIRMED,Utilisation sample row 387
8,4,5,2026-03-24,15:30-16:15,COMPLETED,Utilisation sample row 388
9,4,6,2026-03-25,16:30-16:45,COMPLETED,Utilisation sample row 389
10,4,10,2026-03-26,17:30-18:00,COMPLETED,Utilisation sample row 390
6,4,1,2026-03-27,08:45-09:05,COMPLETED,Utilisation sample row 391
7,4,4,2026-03-28,09:45-10:15,BOOKED,Utilisation sample row 392
8,4,5,2026-03-01,10:45-11:30,COMPLETED,Utilisation sample row 393
9,4,6,2026-03-02,11:45-12:00,COMPLETED,Utilisation sample row 394
10,4,10,2026-03-03,12:45-13:15,COMPLETED,Utilisation sample row 395
6,4,1,2026-03-04,13:45-14:05,CONFIRMED,Utilisation sample row 396
7,4,4,2026-03-05,14:45-15:15,COMPLETED,Utilisation sample row 397
8,4,5,2026-03-06,15:45-16:30,COMPLETED,Utilisation sample row 398
9,4,6,2026-03-07,16:45-17:00,BOOKED,Utilisation sample row 399
10,4,10,2026-03-08,17:45-18:15,COMPLETED,Utilisation sample row 400
